[
  {
    "ShortName": "Marthos",
    "DisplayName": "Marthos",
    "Defense": 6,
    "Income": 32,
    "X": 2,
    "Y": 3,
    "ClanName": "Sirians",
    "ProductionInfos": [
      {
        "ArmyInfoName": "HeavyInfantry",
        "Moves": 0,
        "Strength": 0,
        "TurnsToProduce": 2,
        "Upkeep": 4
      },
      {
        "ArmyInfoName": "LightInfantry",
        "Moves": -2,
        "Strength": 0,
        "TurnsToProduce": 1,
        "Upkeep": 4
      },
      {
        "ArmyInfoName": "Cavalry",
        "Moves": 0,
        "Strength": 1,
        "TurnsToProduce": 4,
        "Upkeep": 8
      },
      {
        "ArmyInfoName": "Pegasus",
        "Moves": 1,
        "Strength": 0,
        "TurnsToProduce": 7,
        "Upkeep": 16
      }
    ]
  },
  {
    "ShortName": "BanesCitadel",
    "DisplayName": "Bane's Citadel",
    "X": 6,
    "Y": 3,
    "ClanName": "LordBane",
    "Defense": 6,
    "Income": 30,
    "ProductionInfos": [
      {
        "ArmyInfoName": "GiantWarriors",
        "Moves": -2,
        "Strength": 0,
        "TurnsToProduce": 4,
        "Upkeep": 4
      },
      {
        "ArmyInfoName": "LightInfantry",
        "Moves": 0,
        "Strength": 0,
        "TurnsToProduce": 1,
        "Upkeep": 4
      },
      {
        "ArmyInfoName": "Cavalry",
        "Moves": 0,
        "Strength": 0,
        "TurnsToProduce": 4,
        "Upkeep": 8
      },
      {
        "ArmyInfoName": "WolfRiders",
        "Moves": 0,
        "Strength": 0,
        "TurnsToProduce": 3,
        "Upkeep": 8
      }
    ]
  },
  {
    "ClanName": "Neutral",
    "Defense": 4,
    "DisplayName": "Deserton",
    "Income": 20,
    "ProductionInfos": [
      {
        "ArmyInfoName": "LightInfantry",
        "Moves": 10,
        "Strength": 3,
        "TurnsToProduce": 1,
        "Upkeep": 4
      }
    ],
    "ShortName": "Deserton",
    "X": 4,
    "Y": 6
  }
]